<DATE>	<TIME>	<OPEN>	<HIGH>	<LOW>	<CLOSE>	<TICKVOL>	<VOL>	<SPREAD>
2024.07.10	08:00:00	360980.55	361661.26	353991.93	355489.49	72852	90109	1
2024.07.10	16:00:00	355466.80	355602.95	352925.49	353606.20	11724	15436	1
2024.07.11	08:00:00	362273.90	366131.26	354286.91	358666.14	76526	91526	1
2024.07.11	16:00:00	358643.45	358847.66	354899.54	355784.47	14482	17795	1
2024.07.12	08:00:00	354286.91	362931.92	353084.32	361252.84	67429	80680	1
2024.07.12	16:00:00	361252.84	361683.96	354241.52	357463.55	21439	27592	1
2024.07.15	08:00:00	379359.73	396014.43	379359.73	393972.30	69120	86926	1
2024.07.15	16:00:00	393972.30	396967.43	392928.55	396604.38	17666	22839	1
2024.07.16	08:00:00	395379.10	404750.21	389502.31	401074.38	90990	114307	1
2024.07.16	16:00:00	401006.31	403479.55	398986.87	398986.87	21255	28491	1
2024.07.17	08:00:00	400007.93	407404.98	399009.56	403139.20	78477	96410	1
2024.07.17	16:00:00	403139.20	404455.24	401482.80	402957.68	13020	16638	1
2024.07.18	08:00:00	404455.24	411103.51	399486.05	403003.06	78285	96830	1
2024.07.18	16:00:00	402957.68	405317.47	401460.11	403502.24	16122	21356	1
2024.07.19	08:00:00	400484.43	426124.51	400484.43	425988.37	50244	62919	1
2024.07.19	16:00:00	425988.37	431865.16	425965.68	429278.47	19286	25361	1
2024.07.22	08:00:00	430549.12	430912.17	420520.00	427327.10	77556	92456	1
2024.07.22	16:00:00	427304.41	432455.11	426669.08	429528.06	23051	28965	1
2024.07.23	08:00:00	423015.93	426124.51	416730.71	418704.77	97578	117651	1
2024.07.23	16:00:00	418636.70	419907.36	415255.84	417955.99	20201	25394	1
2024.07.24	08:00:00	422834.41	429165.01	421881.42	422698.27	84239	104064	1
2024.07.24	16:00:00	422766.34	424831.16	421132.64	421904.11	17376	22524	1
2024.07.25	08:00:00	413554.06	417366.04	407609.20	413758.28	71133	89421	1
2024.07.25	16:00:00	413735.59	419476.24	412555.69	418999.74	14535	18174	1
2024.07.26	08:00:00	431107.34	440278.40	428758.11	438652.00	44502	54061	1
2024.07.26	16:00:00	438652.00	441972.56	437432.21	441023.83	11846	14536	1
2024.07.29	08:00:00	450985.49	453221.78	428780.70	434202.01	82091	108350	1
2024.07.29	16:00:00	434134.24	434586.02	430181.20	432169.02	14344	18943	1
2024.07.30	08:00:00	427673.84	432214.19	421303.80	422704.31	73918	95264	1
2024.07.30	16:00:00	422681.72	425347.20	418977.15	423246.44	19804	26065	1
2024.07.31	08:00:00	423133.49	431581.71	422975.37	427831.97	68645	84598	1
2024.07.31	16:00:00	427877.14	428622.57	416063.20	418796.44	22368	28572	1
2024.08.01	08:00:00	417802.54	420400.25	405830.47	411387.32	77785	99178	1
2024.08.01	16:00:00	411342.14	425595.67	411116.25	424059.63	17976	23182	1
2024.08.02	08:00:00	424556.59	428374.10	408405.59	409873.87	82976	105258	1
2024.08.02	16:00:00	409851.28	410664.47	402284.03	402284.03	17957	23552	1
2024.08.05	08:00:00	347302.88	362731.03	326408.23	347189.93	94391	133816	1
2024.08.05	16:00:00	347212.52	359726.72	342694.76	356157.69	28973	41052	1
2024.08.06	08:00:00	359523.42	367068.08	350487.90	365283.56	89278	117818	1
2024.08.06	16:00:00	365351.33	366480.77	361443.47	361872.65	18301	24501	1
2024.08.07	08:00:00	366028.99	367836.10	349787.64	350600.84	89611	118824	1
2024.08.07	16:00:00	350555.66	354011.75	349561.76	351707.69	18035	23683	1
2024.08.08	08:00:00	366277.47	381615.27	363205.39	376126.19	88430	117044	1
2024.08.08	16:00:00	376126.19	379627.46	375064.52	375742.18	14971	20583	1
2024.08.09	08:00:00	381073.14	383196.49	372082.79	377639.64	88324	115826	1
2024.08.09	16:00:00	377730.00	382112.22	375200.05	377639.64	14825	20123	1
2024.08.12	08:00:00	374206.14	378136.59	361059.46	365464.27	92751	124981	1
2024.08.12	16:00:00	365486.86	370727.47	365419.10	365757.93	20893	29090	1
2024.08.13	08:00:00	366797.01	382428.47	365012.50	377007.15	83016	111981	1
2024.08.13	16:00:00	376916.80	377842.94	373121.88	377323.40	18576	25392	1
2024.08.14	08:00:00	378430.25	381795.98	363340.93	365961.23	90044	119755	1
2024.08.14	16:00:00	365961.23	367203.61	364402.60	364786.61	11901	16528	1
2024.08.15	08:00:00	364176.71	371382.54	358506.92	359952.61	93251	122807	1
2024.08.15	16:00:00	359884.84	360539.92	348997.04	353989.16	26341	35836	1
2024.08.16	08:00:00	363227.98	370207.92	356135.10	369281.78	83782	111826	1
2024.08.16	16:00:00	369349.55	371585.84	366503.36	367293.97	15281	21526	1
2024.08.19	08:00:00	363905.65	364063.77	357354.89	361601.59	70382	97894	1
2024.08.19	16:00:00	361579.00	364199.30	360878.75	362279.25	13654	18924	1
2024.08.20	08:00:00	372331.27	376306.90	363205.39	367677.98	73714	97373	1
2024.08.20	16:00:00	367655.39	370614.52	365690.16	366390.42	15421	22709	1
2024.08.21	08:00:00	368287.88	377797.76	364402.60	377165.28	78262	103891	1
2024.08.21	16:00:00	377074.92	384009.68	375922.89	381050.55	24520	33689	1
2024.08.22	08:00:00	380892.43	384325.93	378610.96	381976.69	72572	96564	1
2024.08.22	16:00:00	381954.10	384506.64	380395.47	384280.75	11259	15536	1
2024.08.23	08:00:00	383874.15	394106.88	378836.85	392164.24	80849	103688	1
2024.08.23	16:00:00	392254.60	403390.88	391147.75	398850.53	17529	22589	1
2024.08.26	08:00:00	396004.34	398669.82	391441.40	394965.25	72670	108737	1
2024.08.26	16:00:00	394942.67	395507.39	390583.03	391305.87	12821	19342	1
2024.08.27	08:00:00	387081.76	388821.10	382473.64	386065.26	60165	88623	1
2024.08.27	16:00:00	386110.44	387013.99	381027.96	381773.39	13467	21332	1
2024.08.28	08:00:00	374296.50	376623.14	362911.74	372895.99	79115	120880	1
2024.08.28	16:00:00	372873.40	374883.81	368197.52	372489.39	18752	27270	1
2024.08.29	08:00:00	377571.87	389950.54	374206.14	375809.95	80852	121791	1
2024.08.29	16:00:00	375809.95	379830.75	374319.09	378091.42	18036	27310	1
2024.08.30	08:00:00	375842.88	384027.55	368017.97	380205.04	54291	82218	1
2024.08.30	16:00:00	380160.07	380160.07	371975.40	374741.10	10802	18168	1
2024.09.02	08:00:00	372200.25	376494.96	370558.82	372649.96	57604	82892	1
2024.09.02	16:00:00	372627.47	377259.46	371345.81	376989.63	7970	11432	1
2024.09.03	08:00:00	376629.87	377416.86	367006.13	369659.41	67699	101981	1
2024.09.03	16:00:00	369636.92	372087.82	369052.30	371278.35	16014	24172	1
2024.09.04	08:00:00	361856.98	373931.62	357944.53	367770.63	78125	119183	1
2024.09.04	16:00:00	367838.09	371862.97	367680.69	370806.16	15187	22689	1
2024.09.05	08:00:00	361856.98	366511.45	353312.54	357090.09	75624	114613	1
2024.09.05	16:00:00	357067.60	357067.60	351626.14	353042.72	18608	28723	1
2024.09.06	08:00:00	352930.29	357787.13	336605.92	336673.37	95892	147195	1
2024.09.06	16:00:00	336583.43	340923.11	332266.24	336403.55	23189	36827	1
2024.09.09	08:00:00	346252.14	358686.55	345352.73	356752.81	86416	144207	1
2024.09.09	16:00:00	356707.83	366444.00	356280.61	364262.92	20870	34027	1
2024.09.10	08:00:00	361924.44	370648.76	358304.30	368085.43	82482	118594	1
2024.09.10	16:00:00	368085.43	371053.50	366309.09	368939.87	17865	25929	1
2024.09.11	08:00:00	362014.38	370131.60	354032.08	366983.65	83388	118912	1
2024.09.11	16:00:00	366961.16	369074.79	365881.86	366623.88	17234	26627	1
2024.09.12	08:00:00	370941.07	375055.89	366241.63	369524.49	76770	106370	1
2024.09.12	16:00:00	369479.52	371255.87	367365.90	367883.06	13414	18853	1
2024.09.13	08:00:00	366533.94	376899.69	363363.50	375775.42	63636	90855	1
2024.09.13	16:00:00	375820.40	379463.02	374943.47	377686.68	11143	16287	1
2024.09.16	08:00:00	368265.31	369097.27	357180.03	359653.42	58084	83583	1
2024.09.16	16:00:00	359720.87	361317.33	357584.76	358529.15	11521	16719	1
2024.09.17	08:00:00	366871.22	381014.51	364690.14	374268.90	72087	105068	1
2024.09.17	16:00:00	374223.93	375505.60	368737.51	372222.74	17063	25178	1
2024.09.18	08:00:00	369906.74	374786.07	365162.33	371660.60	70669	103417	1
2024.09.18	16:00:00	371570.66	372784.87	365724.47	370761.19	15240	22249	1
2024.09.19	08:00:00	382723.40	390773.16	381396.77	389424.04	66605	97079	1
2024.09.19	16:00:00	389356.59	389424.04	384454.78	384589.69	11257	17088	1
2024.09.20	08:00:00	388434.69	392594.48	385691.47	390728.19	64176	92062	1
2024.09.20	16:00:00	390750.68	393493.89	389536.47	392661.93	9732	13329	1
2024.09.23	08:00:00	395090.35	399722.34	393044.18	395112.84	55432	80188	1
2024.09.23	16:00:00	395000.41	395809.88	393269.04	394865.50	10232	14633	1
2024.09.24	08:00:00	394056.03	395135.32	384994.42	391087.96	62495	90624	1
2024.09.24	16:00:00	391087.96	397451.32	390683.22	393358.98	13888	19781	1
2024.09.25	08:00:00	392257.20	395225.27	388029.95	390390.91	51617	72471	1
2024.09.25	16:00:00	390323.46	391020.50	388457.17	390413.40	10170	15176	1
2024.09.26	08:00:00	395292.72	402825.32	391560.15	399587.43	68341	97095	1
2024.09.26	16:00:00	399609.91	399834.77	395382.66	396529.42	10390	15086	1
2024.09.27	08:00:00	398556.62	407266.90	398445.23	403234.77	38009	54949	1
2024.09.27	16:00:00	403257.05	404059.02	397643.26	397643.26	4814	6282	1
2024.09.30	08:00:00	389289.41	393722.52	386081.54	387150.83	44422	62388	1
2024.09.30	16:00:00	387128.55	390559.20	386838.95	390536.92	9229	13673	1
2024.10.01	08:00:00	391428.00	391428.00	374519.81	379309.35	77096	111406	1
2024.10.01	16:00:00	379175.69	379799.44	367591.68	368660.97	21022	31087	1
2024.10.02	08:00:00	370977.78	380467.75	368505.04	370955.50	72094	97371	1
2024.10.02	16:00:00	370933.22	372069.34	366210.51	371022.33	22934	33341	1
2024.10.03	08:00:00	370710.45	374564.36	366834.27	372002.51	71725	102174	1
2024.10.03	16:00:00	371980.24	375232.67	371111.44	374252.48	11697	17780	1
2024.10.04	08:00:00	376569.29	382695.44	371980.24	381737.53	70802	99359	1
2024.10.04	16:00:00	381670.70	383742.46	380400.92	382071.69	10674	15751	1
2024.10.07	08:00:00	385881.04	393900.74	382183.07	386371.14	62086	89220	1
2024.10.07	16:00:00	386393.41	390113.66	386348.86	388799.32	12282	17853	1
2024.10.08	08:00:00	385970.15	390113.66	382717.72	384076.61	76100	107661	1
2024.10.08	16:00:00	384032.06	387262.21	382494.95	386950.34	11998	16874	1
2024.10.09	08:00:00	385613.72	389668.12	382049.41	382383.57	60383	87792	1
2024.10.09	16:00:00	382339.01	382494.95	376591.56	379509.84	15458	22734	1
2024.10.10	08:00:00	381960.30	383051.87	367034.76	370799.56	70620	95229	1
2024.10.10	16:00:00	370732.73	374564.36	369752.54	372960.42	16256	24672	1
2024.10.11	08:00:00	380222.70	396551.69	380089.04	396328.93	62486	97334	1
2024.10.11	16:00:00	396328.93	399135.82	394658.16	395304.19	16530	26929	1
2024.10.14	08:00:00	406999.58	415709.86	405551.58	410407.95	63875	96046	1
2024.10.14	16:00:00	410452.50	413303.95	410385.67	411098.53	11619	17733	1
2024.10.15	08:00:00	408781.73	429098.29	407846.10	423105.80	97102	143052	1
2024.10.15	16:00:00	423172.63	424397.86	418472.20	420053.86	15504	23075	1
2024.10.16	08:00:00	429677.50	433442.30	426202.29	429365.62	86032	122428	1
2024.10.16	16:00:00	429276.51	430590.85	427360.69	427650.29	10815	16460	1
2024.10.17	08:00:00	423818.66	429231.96	422014.23	423796.38	76340	111323	1
2024.10.17	16:00:00	423818.66	424308.75	420521.68	420967.21	11780	18826	1
2024.10.18	08:00:00	426068.63	438721.93	425355.77	437964.51	71380	102107	1
2024.10.18	16:00:00	437919.96	438632.82	434645.25	436004.14	12147	17350	1
2024.10.21	08:00:00	434467.04	436471.96	424754.29	428051.28	69105	99126	1
2024.10.21	16:00:00	428073.56	431125.50	427895.34	430212.14	12749	18720	1
2024.10.22	08:00:00	427071.09	429521.56	422526.60	428274.05	70692	101108	1
2024.10.22	16:00:00	428229.49	429410.17	427249.31	427806.23	11764	18310	1
2024.10.23	08:00:00	422615.71	426358.23	414395.52	418472.20	78667	110874	1
2024.10.23	16:00:00	418449.92	422303.83	416957.37	421123.15	16260	24141	1
2024.10.24	08:00:00	425489.43	432439.83	425378.05	429655.22	72601	106358	1
2024.10.24	16:00:00	429655.22	434311.10	428920.08	433063.59	11558	17006	1
2024.10.25	08:00:00	431085.12	435173.95	418291.06	424578.18	67726	96583	1
2024.10.25	16:00:00	424556.20	426116.98	421940.23	425523.44	14774	19949	1
2024.10.28	08:00:00	434756.27	439724.41	434404.55	439108.89	78317	112357	1
2024.10.28	16:00:00	439108.89	447506.37	438603.28	446341.27	24356	34374	1
2024.10.29	08:00:00	453507.71	470434.56	451419.33	469994.90	97345	145093	1
2024.10.29	16:00:00	470038.86	472852.68	461113.80	465114.69	32730	51509	1
2024.10.30	08:00:00	462520.70	466059.95	460322.41	461795.27	68160	96662	1
2024.10.30	16:00:00	461685.35	468324.20	459838.79	464411.24	21968	33307	1
2024.10.31	08:00:00	463751.75	464499.17	450122.34	453815.47	83823	127255	1
2024.10.31	16:00:00	453727.53	455090.48	447748.18	450891.74	18907	28359	1
2024.11.01	08:00:00	450891.74	463246.14	446802.91	450122.34	100277	141284	1
2024.11.01	16:00:00	450144.32	452034.85	447880.08	448979.22	17762	24866	1
2024.11.04	08:00:00	446407.22	446407.22	429612.27	432162.29	88827	130004	1
2024.11.04	16:00:00	432228.24	435129.98	430139.86	432909.71	17401	27179	1
2024.11.05	08:00:00	440603.73	452848.22	439130.87	447968.01	98899	145858	1
2024.11.05	16:00:00	448077.92	448451.63	437658.02	442758.06	28962	45992	1
2024.11.06	08:00:00	481426.02	486877.78	469665.15	475622.53	116938	182048	1
2024.11.06	16:00:00	475622.53	483426.46	473929.84	481404.04	28592	50202	1
2024.11.07	08:00:00	471665.60	486152.35	466433.66	482986.81	113265	164097	1
2024.11.07	16:00:00	482986.81	484525.61	478436.34	482569.13	29490	45581	1
2024.11.08	08:00:00	483272.58	493362.75	483206.63	491736.01	92377	129955	1
2024.11.08	16:00:00	491714.03	492901.10	485646.74	487757.10	21218	31324	1
2024.11.11	08:00:00	527106.53	550232.57	523523.32	550034.72	151278	216465	1
2024.11.11	16:00:00	549968.77	566258.12	547682.55	566236.14	47585	71867	1
2024.11.12	08:00:00	560278.76	568808.14	545572.19	567884.86	184218	280826	1
2024.11.12	16:00:00	567796.92	574611.63	564697.33	566302.08	40371	66897	1
2024.11.13	08:00:00	557157.19	601408.81	556431.75	598616.98	196282	296326	1
2024.11.13	16:00:00	598660.95	599122.59	564829.23	570478.84	60325	102868	1
2024.11.14	08:00:00	587273.79	591868.22	559795.14	569885.30	154448	237890	1
2024.11.14	16:00:00	569973.23	574128.01	556585.63	563598.19	32657	55270	1
2024.11.18	08:00:00	575688.79	588790.62	569599.52	573974.12	135444	204609	1
2024.11.18	16:00:00	573842.23	585822.92	569401.68	584152.22	35233	58565	1
2024.11.19	08:00:00	584394.03	600551.48	580085.38	599210.52	132728	204684	1
2024.11.19	16:00:00	599320.44	600969.15	586064.73	589054.41	30784	50822	1
2024.11.21	08:00:00	625194.34	632316.80	612795.97	631613.35	135780	204092	1
2024.11.21	16:00:00	631613.35	636823.30	626821.07	629239.19	39695	64436	1
2024.11.22	08:00:00	636889.25	637460.81	624534.85	635965.97	115056	168094	1
2024.11.22	16:00:00	635943.99	639373.32	632162.92	633108.19	27998	46257	1
2024.11.25	08:00:00	627788.32	629151.26	602815.72	608311.45	136393	207608	1
2024.11.25	16:00:00	608333.43	609256.72	603541.16	604728.23	31082	50800	1
2024.11.26	08:00:00	590988.91	606420.92	584547.91	588856.56	146825	230589	1
2024.11.26	16:00:00	589010.44	592527.71	580019.43	585647.06	38882	65064	1
2024.11.27	08:00:00	595825.15	628513.76	593890.65	626909.00	143247	218098	1
2024.11.27	16:00:00	626909.00	634581.04	625062.44	632624.56	34846	57916	1
2024.11.28	08:00:00	620621.89	633877.59	620621.89	627436.59	83866	123951	1
2024.11.28	16:00:00	627502.54	629788.77	625062.44	629788.77	9906	13886	1
2024.11.29	08:00:00	641048.12	655181.73	639189.57	642517.67	100528	155403	1
2024.11.29	16:00:00	642539.28	643252.44	637525.52	639924.34	12843	21222	1
2024.12.02	08:00:00	624558.90	649670.92	623867.34	634932.19	125964	194335	1
2024.12.02	16:00:00	634780.92	640399.78	631755.37	635666.97	23913	39991	1
2024.12.03	08:00:00	629551.05	639729.84	620863.41	630890.93	133801	206998	1
2024.12.03	16:00:00	630890.93	635256.36	628038.27	634348.69	22262	39035	1
2024.12.04	08:00:00	637287.80	640140.45	623759.29	634932.19	126159	191464	1
2024.12.04	16:00:00	634845.75	655613.95	634110.97	652999.02	47452	77918	1
2024.12.05	08:00:00	678845.81	680790.81	655743.62	655808.45	150191	232734	1
2024.12.05	16:00:00	655938.12	661556.99	641458.73	651032.41	53020	88193	1
2024.12.06	08:00:00	644830.05	676879.21	637698.41	675063.88	142860	219282	1
2024.12.06	16:00:00	674847.77	678240.71	672557.00	673961.72	28533	47926	1
2024.12.09	08:00:00	649649.31	662637.54	643057.94	648071.70	136427	199862	1
2024.12.09	16:00:00	648050.09	648114.92	624126.68	640918.45	39827	66814	1
2024.12.10	08:00:00	646537.32	647055.98	621922.35	627714.11	171735	260239	1
2024.12.10	16:00:00	627800.55	637849.68	626503.89	637741.63	33325	53784	1
2024.12.11	08:00:00	648222.98	664063.87	644851.66	658423.39	133682	193832	1
2024.12.11	16:00:00	658380.17	663480.37	653474.46	655008.84	32016	51716	1
2024.12.12	08:00:00	645067.77	669488.24	641912.56	661621.82	124094	193306	1
2024.12.12	16:00:00	661600.21	662918.48	648547.14	649757.36	34218	55944	1
2024.12.13	08:00:00	655635.56	670460.73	651875.24	668040.30	124642	185342	1
2024.12.13	16:00:00	667975.46	670763.29	663761.31	665835.97	20952	34148	1
2024.12.16	08:00:00	683405.74	713596.36	677765.26	708690.65	150119	228218	1
2024.12.16	16:00:00	708755.49	709209.32	700564.90	708993.21	36494	60846	1
2024.12.17	08:00:00	712472.58	728745.69	705427.39	705535.44	150460	227097	1
2024.12.17	16:00:00	705492.22	709879.26	702531.51	707566.88	26626	42419	1
2024.12.18	08:00:00	697020.69	707696.55	691661.16	706507.94	129752	200466	1
2024.12.18	16:00:00	706097.33	707480.44	682692.58	689197.50	56904	94309	1
2024.12.19	08:00:00	692849.77	697820.30	641631.61	654749.51	158469	238317	1
2024.12.19	16:00:00	654576.62	656500.01	633873.25	650319.25	40413	64822	1
2024.12.20	08:00:00	613753.38	644419.44	605108.97	636380.13	152126	228834	1
2024.12.20	16:00:00	636272.08	642668.94	627887.00	634932.19	22629	35586	1
2024.12.23	08:00:00	635926.30	642236.72	619912.52	620387.97	126992	202282	1
2024.12.23	16:00:00	620409.58	630804.49	618831.97	630156.15	32182	57594	1
2024.12.26	08:00:00	637222.96	643987.22	634327.08	638368.35	118188	191231	1
2024.12.26	16:00:00	638217.07	641934.17	636380.13	639016.68	27979	51177	1
2024.12.27	08:00:00	648595.86	650596.85	623455.83	631587.49	88679	135657	1
2024.12.27	16:00:00	631566.20	633120.16	628415.72	632992.44	18703	31192	1
2024.12.30	08:00:00	628713.74	630310.27	607426.66	629501.36	111567	172909	1
2024.12.30	16:00:00	629458.78	632183.53	623519.69	623753.85	23942	39537	1
2025.01.02	08:00:00	645040.92	653023.57	640506.77	646339.43	111739	175502	1
2025.01.02	16:00:00	646296.86	650703.28	643848.84	644083.00	24393	41487	1
2025.01.03	08:00:00	639974.60	658111.18	638122.62	657131.98	121425	178262	1
2025.01.03	16:00:00	657131.98	660005.73	653640.90	655620.60	23944	39177	1
2025.01.06	08:00:00	658643.36	676205.20	650639.42	670926.00	125966	197453	1
2025.01.06	16:00:00	671096.30	675183.42	670244.82	673501.74	19189	32411	1
2025.01.07	08:00:00	664880.47	665774.53	630203.83	634248.37	144890	228174	1
2025.01.07	16:00:00	634248.37	637484.01	629948.39	634631.54	31272	53818	1
2025.01.08	08:00:00	624498.89	631715.21	607937.55	618900.39	146032	223621	1
2025.01.08	16:00:00	618921.68	622327.61	612386.55	615856.34	25473	40172	1
2025.01.09	08:00:00	609959.82	614813.28	599976.19	603233.11	140827	208642	1
2025.01.09	16:00:00	603190.53	605468.25	590205.42	596825.70	37746	63140	1
2025.01.10	08:00:00	615196.44	628415.72	603509.84	620752.37	157387	239740	1
2025.01.10	16:00:00	620794.94	625243.94	617665.74	621923.16	29200	48439	1
2025.01.13	08:00:00	595931.64	609512.79	584926.22	600423.21	159454	245055	1
2025.01.13	16:00:00	600316.78	614068.23	598017.77	612918.73	35855	58823	1
2025.01.14	08:00:00	631161.75	632460.26	618006.34	627117.20	113980	171398	1
2025.01.14	16:00:00	627032.06	628969.18	622093.46	626585.03	26078	44162	1
2025.01.15	08:00:00	626712.75	647041.91	624222.16	642316.18	109362	172195	1
2025.01.15	16:00:00	642294.89	650511.70	640442.91	642592.91	27416	47153	1
2025.01.16	08:00:00	638697.37	650383.98	626308.30	646743.89	128537	198171	1
2025.01.16	16:00:00	646658.74	652448.82	645147.36	647276.06	25826	41809	1
2025.01.17	08:00:00	661602.26	682633.89	660857.22	681335.38	126515	194900	1
2025.01.17	16:00:00	681399.24	688977.44	680079.45	683464.09	32425	56167	1
2025.01.20	08:00:00	704921.46	706390.27	650149.82	671458.18	157368	239896	1
2025.01.20	16:00:00	671564.62	673672.04	663965.13	667754.23	19140	30350	1
2025.01.21	08:00:00	673310.16	691489.32	663220.08	689488.33	139792	215844	1
2025.01.21	16:00:00	689467.04	691829.91	680930.93	683996.27	28640	47485	1
2025.01.22	08:00:00	675928.47	678887.37	653449.32	657770.59	116891	179672	1
2025.01.22	16:00:00	657791.88	665625.52	657323.56	659090.39	24765	42408	1
2025.01.23	08:00:00	647574.08	675375.00	643018.65	665540.37	150027	257299	1
2025.01.23	16:00:00	665561.66	674374.51	645998.84	649106.75	50045	100322	1
2025.01.24	08:00:00	665242.35	675460.15	657642.87	670372.54	118204	196674	1
2025.01.24	16:00:00	670372.54	672628.97	660474.05	663518.10	32669	57827	1
2025.01.27	08:00:00	629650.37	645764.68	621944.45	624392.46	168842	254044	1
2025.01.27	16:00:00	624413.75	643572.11	624030.58	638484.50	46592	71069	1
2025.01.28	08:00:00	648148.83	649851.80	636973.12	638356.78	122548	182463	1
2025.01.28	16:00:00	638378.07	642231.03	630523.14	631736.50	34865	54099	1
2025.01.29	08:00:00	640591.92	644615.18	633503.33	642869.64	110165	168305	1
2025.01.29	16:00:00	643103.80	655109.71	634737.98	649149.33	53549	87726	1
2025.01.30	08:00:00	656748.81	668882.44	655684.46	660729.49	100735	157950	1
2025.01.30	16:00:00	660686.92	661559.69	656940.40	657664.16	20343	34807	1
2025.01.31	08:00:00	652905.92	658544.54	634690.46	634816.22	91546	146658	1
2025.01.31	16:00:00	634858.15	637331.59	626662.24	626892.81	25761	45746	1
2025.02.03	08:00:00	593103.02	617313.45	586374.41	616621.72	120754	196907	1
2025.02.03	16:00:00	616537.88	629366.26	614714.24	622931.11	35693	65978	1
2025.02.04	08:00:00	607859.85	617984.21	600187.98	607859.85	115009	181697	1
2025.02.04	16:00:00	607859.85	615971.92	590273.23	590608.62	50107	85331	1
2025.02.05	08:00:00	599412.41	608845.04	590378.04	591992.07	108391	173340	1
2025.02.05	16:00:00	591950.15	599726.83	590315.16	596016.66	26298	46925	1
2025.02.06	08:00:00	607147.17	609767.34	582391.74	585556.92	127783	203637	1
2025.02.06	16:00:00	585494.03	591111.69	582915.78	587317.68	29622	53657	1
2025.02.07	08:00:00	595555.51	609746.38	592495.14	599056.06	135480	207573	1
2025.02.07	16:00:00	599139.91	599684.91	586080.95	586101.91	28316	49102	1
2025.02.10	08:00:00	599433.37	600984.51	590147.47	596079.54	96262	144546	1
2025.02.10	16:00:00	596079.54	596855.12	593061.10	594234.94	18523	30768	1
2025.02.11	08:00:00	600502.40	600816.82	579729.65	580232.72	107321	165580	1
2025.02.11	16:00:00	580190.80	581385.60	575726.02	580714.83	31744	52697	1
2025.02.12	08:00:00	584487.89	593501.29	571932.00	588198.05	135198	212891	1
2025.02.12	16:00:00	588135.17	593228.79	584571.73	591992.07	28175	49931	1
2025.02.13	08:00:00	584068.66	586919.41	577381.97	584005.77	111097	174362	1
2025.02.13	16:00:00	584005.77	586332.49	579918.30	585452.11	23942	42467	1
2025.02.14	08:00:00	586961.33	596289.16	578891.19	591845.34	102619	159707	1
2025.02.14	16:00:00	591866.30	593165.91	580819.64	583125.39	24879	41793	1
2025.02.17	08:00:00	578241.39	581888.67	571533.74	572372.19	90632	134165	1
2025.02.17	16:00:00	572393.15	578534.85	571135.47	576082.36	18983	31038	1
2025.02.18	08:00:00	573986.22	581511.37	559187.47	561032.07	106864	163007	1
2025.02.18	16:00:00	560990.15	569018.37	557699.21	568284.72	29182	50301	1
2025.02.19	08:00:00	576438.71	580568.10	571135.47	574615.06	90361	150154	1
2025.02.19	16:00:00	574552.18	580463.30	572854.30	580232.72	20199	33808	1
2025.02.20	08:00:00	583020.59	590168.43	579436.19	589413.82	93499	148608	1
2025.02.20	16:00:00	589518.62	592264.57	588743.05	588743.05	20619	36200	1
2025.02.21	08:00:00	592453.22	597819.34	578702.54	580127.91	116914	181093	1
2025.02.21	16:00:00	580085.99	581532.33	568787.79	570150.28	30858	50535	1
2025.02.24	08:00:00	575222.94	577717.35	563463.59	567425.30	104836	165122	1
2025.02.24	16:00:00	567152.80	572938.15	564490.70	570359.90	28417	52346	1
2025.02.25	08:00:00	541831.42	544304.87	519046.37	523972.30	155260	249776	1
2025.02.25	16:00:00	523951.34	536968.37	520807.13	530721.88	34521	59785	1
2025.02.26	08:00:00	533677.43	536884.53	505652.03	511311.61	142050	225118	1
2025.02.26	16:00:00	511332.57	517788.69	500642.26	513302.95	38355	64467	1
2025.02.27	08:00:00	528248.43	529191.69	514833.13	516384.27	125957	185062	1
2025.02.27	16:00:00	516405.23	516489.08	505023.19	515126.59	37439	60066	1
2025.02.28	08:00:00	495378.85	529006.18	491945.37	524615.49	132477	206433	1
2025.02.28	16:00:00	524594.68	527237.42	517644.47	521306.86	26888	45095	1
2025.03.05	08:00:00	541824.52	551001.29	532710.18	543822.19	71479	111024	1
2025.03.05	16:00:00	543822.19	547817.51	540742.46	543947.04	37570	61590	1
2025.03.06	08:00:00	551563.13	552437.11	531898.63	534166.81	150617	230819	1
2025.03.06	16:00:00	534062.77	543239.53	530754.14	540721.65	34245	57227	1
2025.03.07	08:00:00	536996.84	552374.68	524449.01	537974.86	170229	262479	1
2025.03.07	16:00:00	537933.24	539826.86	519371.62	527216.61	37207	62612	1
2025.03.10	08:00:00	507864.25	508446.90	475485.46	476463.48	185122	281189	1
2025.03.10	16:00:00	476567.53	488220.56	475131.70	486784.74	41678	67250	1
2025.03.11	08:00:00	497917.55	508030.72	482685.37	506386.81	172269	262167	1
2025.03.11	16:00:00	506366.00	508779.84	502620.38	506053.87	27433	44966	1
2025.03.12	08:00:00	505325.55	515043.35	491029.77	501496.70	161012	242061	1
2025.03.12	16:00:00	501351.03	506303.57	500456.25	505263.12	25647	40890	1
2025.03.13	08:00:00	505096.65	509528.97	485224.07	490696.83	146990	222683	1
2025.03.13	16:00:00	490634.40	492049.41	484932.74	487450.63	27418	44174	1
2025.03.14	08:00:00	501496.70	511235.31	495732.61	507302.41	135833	207237	1
2025.03.14	16:00:00	507260.79	509570.59	503348.70	507323.21	20419	33291	1
2025.03.17	08:00:00	502641.19	502932.52	491716.47	500373.01	120595	185930	1
2025.03.17	16:00:00	500373.01	502870.09	497751.08	499124.47	20761	35193	1
2025.03.18	08:00:00	491425.15	492736.11	479876.15	484079.57	121076	183765	1
2025.03.18	16:00:00	483975.53	488220.56	483309.64	485536.20	23947	37712	1
2025.03.19	08:00:00	496481.73	505387.98	493776.56	503931.35	119388	181423	1
2025.03.19	16:00:00	503952.16	507156.74	501163.75	506157.91	24268	38906	1
2025.03.20	08:00:00	504867.75	512317.37	494109.51	497085.19	130353	194355	1
2025.03.20	16:00:00	497147.62	500997.28	496003.12	498208.88	19255	30805	1
2025.03.21	08:00:00	497584.61	503556.79	495399.66	501538.32	110177	167095	1
2025.03.21	16:00:00	501475.89	505492.02	498687.48	504597.24	16350	26372	1
2025.03.24	08:00:00	521951.94	531087.08	520079.13	529900.97	107290	166134	1
2025.03.24	16:00:00	530025.82	531253.56	527216.61	530587.67	22704	37071	1
2025.03.25	08:00:00	523866.36	524365.78	518060.65	520953.10	119119	179728	1
2025.03.25	16:00:00	520890.68	526425.87	520869.87	522076.79	25521	40121	1
2025.03.26	08:00:00	523637.46	525010.86	514190.18	514273.42	109707	173492	1
2025.03.26	16:00:00	514315.04	521785.46	511963.62	520849.06	29753	48996	1
2025.03.27	08:00:00	517935.80	523824.75	516062.99	522201.64	106251	164538	1
2025.03.27	16:00:00	522201.64	524116.07	519954.27	523034.00	18652	31126	1
2025.03.28	08:00:00	510059.93	512218.85	499429.83	500807.42	88402	139452	1
2025.03.28	16:00:00	500869.11	502349.51	495482.09	498401.77	14546	25259	1
2025.03.31	08:00:00	492850.27	498977.48	485921.17	493590.47	127271	197322	1
2025.03.31	16:00:00	493549.35	494371.79	485962.29	485962.29	25629	43642	1
2025.04.01	08:00:00	496654.08	505125.26	488121.21	501897.16	123090	188967	1
2025.04.01	16:00:00	501794.36	503747.67	500005.54	502185.02	17616	28467	1
2025.04.02	08:00:00	497784.94	516433.88	496304.54	509463.66	140852	218924	1
2025.04.02	16:00:00	509525.34	522047.07	494515.72	496612.95	46174	77264	1
2025.04.03	08:00:00	485078.16	485201.53	470890.98	477532.23	125443	189776	1
2025.04.03	16:00:00	477552.79	481788.38	476257.44	480986.50	20393	33742	1
2025.04.04	08:00:00	485962.29	510244.98	485962.29	507736.53	156521	243616	1
2025.04.04	16:00:00	507798.21	511355.28	505721.53	511314.16	23465	38227	1
2025.04.07	08:00:00	467498.40	489663.29	462399.24	480307.98	202663	353835	1
2025.04.07	16:00:00	480328.54	485797.80	476216.31	483289.34	25210	42835	1
2025.04.08	08:00:00	486866.98	489951.15	473091.02	477121.00	146591	233619	1
2025.04.08	16:00:00	477223.81	479896.76	472556.43	477059.32	25400	41082	1
2025.04.09	08:00:00	472618.12	503233.64	472618.12	495646.58	160128	253724	1
2025.04.09	16:00:00	495584.90	503891.59	494248.42	500190.59	20408	33213	1
2025.04.10	08:00:00	494145.62	498710.19	480595.83	483433.27	133661	212260	1
2025.04.10	16:00:00	483474.39	487154.83	482837.00	484029.54	17855	30176	1
2025.04.11	08:00:00	493405.42	509689.83	492459.61	507140.25	123100	190823	1
2025.04.11	16:00:00	507140.25	512568.39	506708.47	509443.10	16219	25826	1
2025.04.14	08:00:00	512568.39	517688.11	506256.12	513658.13	99800	163521	1
2025.04.14	16:00:00	513699.25	515426.39	511005.74	512342.22	17584	29639	1
2025.04.15	08:00:00	516269.39	523753.64	511499.21	512383.34	93516	149643	1
2025.04.15	16:00:00	512321.66	512383.34	505351.43	506482.30	15547	25917	1
2025.04.16	08:00:00	507510.35	517132.96	504652.36	507921.58	103321	171206	1
2025.04.16	16:00:00	507962.70	512712.32	507243.06	512650.63	16502	29031	1
2025.04.17	08:00:00	512342.22	514542.26	506564.54	508065.50	81666	133782	1
2025.04.17	16:00:00	508106.63	510738.45	506934.64	509114.12	12910	20909	1
2025.04.22	08:00:00	528976.17	542731.57	527763.06	540284.79	102139	158592	1
2025.04.22	16:00:00	540305.35	542978.30	536789.40	539236.18	17599	28538	1
2025.04.23	08:00:00	549640.11	553814.02	540593.21	550832.65	103208	155630	1
2025.04.23	16:00:00	550812.09	552456.98	547337.26	550873.77	18677	29054	1
2025.04.24	08:00:00	544561.51	548098.02	541024.99	546884.92	78298	116093	1
2025.04.24	16:00:00	546864.35	548468.12	544561.51	545260.59	14264	22269	1
2025.04.25	08:00:00	555553.12	562820.82	552711.00	558029.82	73538	116915	1
2025.04.25	16:00:00	558009.52	560303.52	554862.89	556223.04	12610	22557	1
2025.04.28	08:00:00	559288.47	560709.53	546356.83	548711.73	79512	124455	1
2025.04.28	16:00:00	548732.03	552548.59	544651.56	545037.27	17408	29325	1
2025.04.29	08:00:00	553015.51	555837.33	548874.14	553482.43	70616	115300	1
2025.04.29	16:00:00	553502.73	553888.45	541606.43	546032.02	15145	24072	1
2025.04.30	08:00:00	550965.12	552406.48	541951.55	548082.40	84590	135971	1
2025.04.30	16:00:00	548102.70	558273.43	546377.13	555329.81	16646	26921	1
2025.05.02	08:00:00	565033.61	568565.96	560039.60	564830.61	79026	126711	1
2025.05.02	16:00:00	564749.40	566860.69	562353.90	564383.99	16418	27673	1
2025.05.05	08:00:00	546478.64	553868.15	542073.35	552873.40	78090	125313	1
2025.05.05	16:00:00	552832.80	553726.04	547412.47	553015.51	17695	30633	1
2025.05.06	08:00:00	546986.16	556933.57	546986.16	556507.26	89317	136925	1
2025.05.06	16:00:00	556507.26	557258.39	554822.29	555492.21	13973	23892	1
2025.05.07	08:00:00	567449.42	573620.87	564708.80	569174.99	98298	150038	1
2025.05.07	16:00:00	569195.29	571611.09	565683.24	571448.68	20682	34914	1
2025.05.08	08:00:00	582796.86	592074.35	577762.25	590125.47	104966	162869	1
2025.05.08	16:00:00	590064.56	605452.61	586349.51	600275.89	28542	46536	1
2025.05.09	08:00:00	598733.03	601575.15	591932.24	597332.27	108713	170258	1
2025.05.09	16:00:00	597311.97	599199.95	595261.58	595830.01	15712	27423	1
2025.05.12	08:00:00	601575.15	607543.60	586593.12	591688.63	171867	259054	1
2025.05.12	16:00:00	591688.63	597535.28	590044.26	595099.18	30611	49650	1
2025.05.13	08:00:00	600844.32	602772.90	592602.17	597819.49	148809	248087	1
2025.05.13	16:00:00	597819.49	602549.59	596845.05	600377.40	30477	56640	1
2025.05.14	08:00:00	596784.15	598753.33	589739.75	594875.87	141158	235711	1
2025.05.14	16:00:00	594855.57	597941.29	594063.83	597433.77	20252	36063	1
2025.05.15	08:00:00	590450.28	604863.89	584278.82	596560.84	165490	285049	1
2025.05.15	16:00:00	596581.14	602793.20	596134.52	601636.05	28056	53059	1
2025.05.16	08:00:00	600884.92	606772.17	600702.21	600925.52	135224	231945	1
2025.05.16	16:00:00	600905.22	602955.61	597352.57	599910.48	22111	42250	1
2025.05.19	08:00:00	595809.71	608660.14	593028.49	604234.56	139730	242878	1
2025.05.19	16:00:00	604214.26	610527.82	603239.82	607381.19	29439	54113	1
2025.05.20	08:00:00	605249.60	615927.85	601859.36	610101.51	136128	235223	1
2025.05.20	16:00:00	610020.30	620921.86	609411.28	616333.87	38091	67031	1
2025.05.21	08:00:00	616354.17	633853.50	612151.89	616861.69	212666	353842	1
2025.05.21	16:00:00	616922.59	626484.29	614770.70	622160.21	42816	78444	1
2025.05.22	08:00:00	638218.19	645323.48	635152.76	643740.02	136460	246430	1
2025.05.22	16:00:00	643780.62	652936.30	639578.34	650906.22	33884	67773	1
2025.05.23	08:00:00	635599.38	638725.71	623763.98	625976.77	144039	262701	1
2025.05.23	16:00:00	625936.17	627763.25	619785.01	623906.08	21325	42030	1
2025.05.26	08:00:00	631356.50	637243.74	628311.37	629549.72	93661	134804	1
2025.05.26	16:00:00	629448.22	631924.92	628676.78	630625.67	15355	20546	1
2025.05.27	08:00:00	631884.32	638319.69	626200.08	630869.28	131496	210411	1
2025.05.27	16:00:00	630788.07	632087.33	624616.61	625124.14	19348	32716	1
2025.05.28	08:00:00	626443.69	629468.52	620008.32	621307.58	127097	201288	1
2025.05.28	16:00:00	621185.77	622870.74	617714.32	619988.02	27148	45919	1
2025.05.29	08:00:00	628088.06	629529.42	607706.00	607868.41	146032	231787	1
2025.05.29	16:00:00	607909.01	612395.50	606548.86	610000.00	25627	42801	1
2025.05.30	08:00:00	608200.00	612740.00	599220.00	605680.00	166748	278345	1
2025.05.30	16:00:00	605640.00	608200.00	603380.00	608080.00	29330	52263	1
2025.06.02	08:00:00	600320.00	602940.00	595220.00	599780.00	154740	262035	1
2025.06.02	16:00:00	599760.00	603500.00	598060.00	602220.00	29694	52281	1
2025.06.03	08:00:00	604740.00	610840.00	601280.00	604760.00	165741	280406	1
2025.06.03	16:00:00	604740.00	607300.00	600440.00	601560.00	35252	61448	1
2025.06.04	08:00:00	599000.00	601480.00	592300.00	598960.00	132760	225629	1
2025.06.04	16:00:00	598940.00	599940.00	594680.00	595240.00	24301	42100	1
2025.06.05	08:00:00	596840.00	600800.00	578020.00	580640.00	170561	301237	1
2025.06.05	16:00:00	580640.00	581200.00	564340.00	568500.00	57992	99425	1
2025.06.06	08:00:00	586500.00	597400.00	584420.00	587380.00	159476	275064	1
2025.06.06	16:00:00	587380.00	587960.00	584840.00	586640.00	25237	45833	1
2025.06.09	08:00:00	605900.00	610220.00	601800.00	608580.00	152064	261766	1
2025.06.09	16:00:00	608560.00	619560.00	607680.00	619560.00	31742	56531	1
2025.06.10	08:00:00	613620.00	615200.00	607020.00	613740.00	138685	238316	1
2025.06.10	16:00:00	613720.00	619960.00	613180.00	613480.00	44681	77581	1
2025.06.11	08:00:00	611240.00	616540.00	605300.00	607280.00	149037	259859	1
2025.06.11	16:00:00	607300.00	609180.00	605500.00	606840.00	25515	41470	1
2025.06.12	08:00:00	596000.00	605400.00	593740.00	599960.00	135767	233945	1
2025.06.12	16:00:00	599940.00	602100.00	589680.00	592500.00	39447	66370	1
2025.06.13	08:00:00	588520.00	591920.00	581240.00	585960.00	154558	263003	1
2025.06.13	16:00:00	585920.00	588860.00	584360.00	588320.00	22137	38814	1
2025.06.16	08:00:00	595180.00	598460.00	589840.00	598400.00	91245	352232	1
2025.06.16	16:00:00	598400.00	601620.00	598220.00	599940.00	23080	131024	1
2025.06.17	08:00:00	584100.00	584980.00	569220.00	577000.00	157288	1101016	1
2025.06.17	16:00:00	577000.00	581920.00	575500.00	576280.00	34267	237962	1
2025.06.18	08:00:00	578880.00	580180.00	571420.00	572500.00	211877	1214260	1
2025.06.18	16:00:00	572540.00	578640.00	571880.00	576200.00	31009	252257	1
2025.06.20	08:00:00	583460.00	584860.00	565500.00	571320.00	189088	1428441	1
2025.06.20	16:00:00	571320.00	574260.00	570420.00	571940.00	30371	245939	1
2025.06.23	08:00:00	561520.00	570200.00	551960.00	568020.00	227635	1583192	1
2025.06.23	16:00:00	568020.00	575340.00	566540.00	572920.00	37842	252389	1
2025.06.24	08:00:00	578380.00	586700.00	577000.00	584060.00	129472	738102	1
2025.06.24	16:00:00	584060.00	586580.00	581900.00	586160.00	26812	158337	1
2025.06.25	08:00:00	591040.00	601080.00	591040.00	597400.00	133010	881149	1
2025.06.25	16:00:00	597380.00	602400.00	597120.00	599260.00	28730	175141	1
2025.06.26	08:00:00	603386.51	607013.44	596193.45	598949.10	118185	657220	1
2025.06.26	16:00:00	598989.63	601988.42	586690.50	596700.00	20351	104016	1
2025.06.27	08:00:00	595000.00	604080.00	591020.00	594560.00	110887	705058	1
2025.06.27	16:00:00	594480.00	596940.00	593680.00	595460.00	13812	97629	1
2025.06.30	08:00:00	598560.00	601040.00	588320.00	588980.00	110312	589314	1
2025.06.30	16:00:00	588940.00	592820.00	588740.00	589120.00	18641	117683	1
2025.07.01	08:00:00	585000.00	591060.00	582160.00	583840.00	98640	611410	1
2025.07.01	16:00:00	583760.00	584820.00	580500.00	583500.00	20639	134092	1
2025.07.02	08:00:00	592780.00	603160.00	591920.00	601640.00	113130	699729	1
2025.07.02	16:00:00	601660.00	601660.00	599340.00	601180.00	16904	124096	1
2025.07.03	08:00:00	602060.00	605460.00	597620.00	600520.00	103899	767709	1
2025.07.03	16:00:00	600460.00	601900.00	599800.00	601260.00	9917	86196	1
2025.07.04	08:00:00	596660.00	597220.00	587100.00	588440.00	70655	443640	1
2025.07.04	16:00:00	588440.00	589300.00	585420.00	589220.00	10355	50785	1
2025.07.07	08:00:00	593580.00	599580.00	593400.00	597380.00	94654	572567	1
2025.07.07	16:00:00	597340.00	598860.00	595300.00	597640.00	20104	100999	1
2025.07.08	08:00:00	601380.00	601500.00	594860.00	598960.00	79086	389154	1
2025.07.08	16:00:00	598900.00	598980.00	596620.00	597420.00	10848	66440	1
2025.07.09	08:00:00	600300.00	606320.00	597260.00	605540.00	90271	425335	1
2025.07.09	16:00:00	605600.00	628300.00	605420.00	625740.00	63890	341499	1
2025.07.10	08:00:00	628620.00	638220.00	615780.00	634880.00	77884	679489	0
2025.07.10	16:00:00	634860.00	656300.00	631880.00	646000.00	13983	118646	0
2025.07.11	08:00:00	659120.00	665200.00	654120.00	657700.00	68629	485919	0
2025.07.11	16:00:00	657680.00	662480.00	655580.00	660060.00	11876	95159	0
2025.07.14	08:00:00	680000.00	683340.00	666640.00	672160.00	74189	516378	0
2025.07.14	16:00:00	672120.00	677420.00	671560.00	674480.00	14459	88002	0
2025.07.15	08:00:00	657140.00	663100.00	646720.00	653020.00	87692	707989	0
2025.07.15	16:00:00	652980.00	655800.00	649400.00	653420.00	13731	121027	0
2025.07.16	08:00:00	664420.00	671660.00	659740.00	668380.00	117326	606833	1
2025.07.16	16:00:00	668360.00	673000.00	664660.00	671780.00	21475	109553	1
2025.07.17	08:00:00	662860.00	668500.00	658720.00	667060.00	95872	464904	1
2025.07.17	16:00:00	667020.00	674420.00	660160.00	673020.00	24676	135231	1
2025.07.18	08:00:00	666660.00	667980.00	652940.00	658880.00	100532	443078	1
2025.07.18	16:00:00	658800.00	660820.00	655040.00	657480.00	18904	97350	1
2025.07.21	08:00:00	658720.00	668160.00	653320.00	653720.00	92038	469739	1
2025.07.21	16:00:00	653700.00	656180.00	650960.00	653360.00	23275	145757	1
2025.07.22	08:00:00	664080.00	671640.00	658920.00	669320.00	98042	530709	1
2025.07.22	16:00:00	669320.00	670200.00	665660.00	667520.00	18777	100701	1
2025.07.23	08:00:00	661620.00	664160.00	650040.00	655680.00	94723	494404	1
2025.07.23	16:00:00	655640.00	656500.00	649520.00	650460.00	15793	97635	1
2025.07.24	08:00:00	668313.99	674441.95	665585.93	671428.86	88328	518410	1
2025.07.24	16:00:00	671469.58	672976.12	667520.00	667520.00	14563	83690	1
2025.07.25	08:00:00	657320.00	661760.00	648780.00	661240.00	77486	392607	1
2025.07.25	16:00:00	661240.00	670540.00	660500.00	666640.00	16205	97852	1
2025.07.28	08:00:00	674340.00	678460.00	668000.00	670280.00	79140	343671	1
2025.07.28	16:00:00	670280.00	672540.00	666340.00	667240.00	18082	90456	1
2025.07.29	08:00:00	673600.00	677720.00	660720.00	664900.00	86117	471467	1
2025.07.29	16:00:00	664960.00	667220.00	662440.00	663320.00	17780	117990	1
2025.07.30	08:00:00	664520.00	676120.00	657740.00	658660.00	89526	568287	1
2025.07.30	16:00:00	658580.00	663780.00	654580.00	660260.00	19653	128239	1
2025.07.31	08:00:00	667740.00	676780.00	666640.00	667480.00	86379	498154	1
2025.07.31	16:00:00	667560.00	668060.00	660200.00	662160.00	24439	164447	1
2025.08.01	08:00:00	655020.00	656900.00	637900.00	639340.00	127951	940279	1
2025.08.01	16:00:00	639200.00	639680.00	632500.00	636080.00	28575	218685	1
2025.08.04	08:00:00	639360.00	646060.00	633820.00	641020.00	86321	453017	1
2025.08.04	16:00:00	640960.00	642160.00	632020.00	639040.00	18775	91219	1
2025.08.05	08:00:00	641840.00	642640.00	626860.00	632520.00	101500	574159	1
2025.08.05	16:00:00	632520.00	634480.00	631040.00	633680.00	19172	99750	1
2025.08.06	08:00:00	636160.00	640120.00	628500.00	637680.00	86548	486269	1
2025.08.06	16:00:00	637660.00	638440.00	635240.00	635620.00	12776	63338	1
2025.08.07	08:00:00	644920.00	645640.00	638660.00	642260.00	80207	398538	1
2025.08.07	16:00:00	642300.00	645300.00	641180.00	643620.00	15910	99665	1
2025.08.08	08:00:00	642460.00	643400.00	634180.00	639480.00	84239	456679	1
2025.08.08	16:00:00	639500.00	641820.00	638580.00	641620.00	14906	100004	1
2025.08.11	08:00:00	661840.00	663060.00	655440.00	657820.00	90268	466317	1
2025.08.11	16:00:00	657800.00	657960.00	650560.00	653000.00	22900	137690	1
2025.08.12	08:00:00	650000.00	654000.00	647100.00	649100.00	90062	521057	1
2025.08.12	16:00:00	649100.00	654600.00	648880.00	654420.00	16520	99641	1
2025.08.13	08:00:00	655560.00	665120.00	652820.00	663320.00	118494	695109	1
2025.08.13	16:00:00	663320.00	672000.00	662560.00	669580.00	31853	196284	1
2025.08.14	08:00:00	664820.00	664820.00	640060.00	644640.00	132798	802706	1
2025.08.14	16:00:00	644640.00	647580.00	641500.00	642340.00	17835	114198	1
2025.08.15	08:00:00	648960.00	648960.00	634800.00	637280.00	97220	591856	1
2025.08.15	16:00:00	637220.00	638200.00	634940.00	636140.00	16153	97144	1
2025.08.18	08:00:00	624000.00	638000.00	624000.00	636760.00	89672	482385	1
2025.08.18	16:00:00	636820.00	639820.00	634260.00	639140.00	18082	102023	1
2025.08.19	08:00:00	631500.00	638820.00	622200.00	623500.00	93902	526233	1
2025.08.19	16:00:00	623420.00	627960.00	622120.00	626720.00	18147	112317	1
2025.08.20	08:00:00	626980.00	629700.00	617140.00	623560.00	106731	584193	1
2025.08.20	16:00:00	623500.00	631160.00	623340.00	630300.00	18435	109085	1
2025.08.21	08:00:00	623860.00	626980.00	616380.00	618660.00	123243	637879	1
2025.08.21	16:00:00	618660.00	619920.00	615500.00	617360.00	23776	119307	1
2025.08.22	08:00:00	617200.00	639240.00	612440.00	635720.00	124357	668236	1
2025.08.22	16:00:00	635620.00	638980.00	634400.00	638120.00	15812	110550	1
2025.08.25	08:00:00	607840.00	612400.00	601360.00	610220.00	103528	607035	1
2025.08.25	16:00:00	610260.00	610460.00	589480.00	589700.00	44771	289163	1
2025.08.26	08:00:00	595000.00	605120.00	593900.00	603320.00	104557	608119	1
2025.08.26	16:00:00	603240.00	609920.00	601840.00	605440.00	19214	107095	1
2025.08.27	08:00:00	608000.00	615880.00	604780.00	608380.00	97928	541312	1
2025.08.27	16:00:00	608440.00	611600.00	602860.00	607780.00	25515	160620	1
2025.08.28	08:00:00	622823.52	625790.32	616361.60	617966.92	86207	495929	1
2025.08.28	16:00:00	617946.60	618861.02	615061.09	616260.00	17060	104391	1
2025.08.29	08:00:00	606980.00	611200.00	593620.00	594140.00	78808	430223	1
2025.08.29	16:00:00	594100.00	596800.00	590440.00	591300.00	19841	138677	1
2025.09.01	08:00:00	597120.00	602900.00	595960.00	601740.00	85441	395619	1
2025.09.01	16:00:00	601740.00	602460.00	594540.00	595520.00	16084	98563	1
2025.09.02	08:00:00	606780.00	617580.00	602600.00	612540.00	109525	645403	1
2025.09.02	16:00:00	612580.00	618720.00	611360.00	616220.00	19850	141154	1
2025.09.03	08:00:00	617500.00	621860.00	611400.00	618540.00	102937	616159	1
2025.09.03	16:00:00	618440.00	619380.00	616540.00	617600.00	13375	87572	1
2025.09.04	08:00:00	612000.00	613140.00	602940.00	605220.00	93173	514927	1
2025.09.04	16:00:00	605220.00	608320.00	603540.00	607040.00	15273	105543	1
2025.09.05	08:00:00	617000.00	618640.00	600400.00	607060.00	97418	572779	1
2025.09.05	16:00:00	607020.00	610280.00	604500.00	607020.00	16566	125706	1
2025.09.08	08:00:00	611100.00	619240.00	610560.00	615360.00	64600	387922	1
2025.09.08	16:00:00	615340.00	615380.00	611900.00	613000.00	13371	91855	1
2025.09.09	08:00:00	615100.00	618520.00	605600.00	608580.00	96740	520415	1
2025.09.09	16:00:00	608620.00	612880.00	608480.00	609240.00	13705	83352	1
2025.09.10	08:00:00	614880.00	623980.00	614600.00	619100.00	93862	532479	1
2025.09.10	16:00:00	619100.00	621280.00	616780.00	620000.00	14671	97024	1
2025.09.11	08:00:00	622600.00	625400.00	617040.00	620760.00	88209	500731	1
2025.09.11	16:00:00	620760.00	622620.00	620160.00	621820.00	11851	66020	1
2025.09.12	08:00:00	625120.00	629320.00	620240.00	629060.00	80015	418208	1
2025.09.12	16:00:00	629000.00	630420.00	626200.00	627380.00	17075	120776	1
2025.09.15	08:00:00	620060.00	620060.00	612020.00	617180.00	68373	339293	1
2025.09.15	16:00:00	617160.00	618700.00	615260.00	617200.00	15683	81923	1
2025.09.16	08:00:00	614860.00	623160.00	612720.00	621160.00	79656	450191	1
2025.09.16	16:00:00	621120.00	623480.00	620420.00	622120.00	12243	80337	1
2025.09.17	08:00:00	620020.00	621200.00	611120.00	613880.00	88478	467154	1
2025.09.17	16:00:00	613820.00	618380.00	613160.00	617480.00	16355	127287	1
2025.09.18	08:00:00	622980.00	628700.00	620140.00	628080.00	72661	419036	1
2025.09.18	16:00:00	628080.00	628640.00	625900.00	626640.00	13712	88879	1
2025.09.19	08:00:00	623100.00	624020.00	616100.00	616520.00	66132	335475	1
2025.09.19	16:00:00	616580.00	617260.00	614720.00	617120.00	12725	73029	1
2025.09.22	08:00:00	603560.00	610560.00	601160.00	602240.00	65969	365139	1
2025.09.22	16:00:00	602260.00	604560.00	599720.00	603320.00	16215	98143	1
2025.09.23	08:00:00	605000.00	606000.00	591420.00	592180.00	73744	406734	1
2025.09.23	16:00:00	592140.00	593320.00	587820.00	591580.00	16930	99206	1
2025.09.24	08:00:00	599600.00	608000.00	598520.00	606640.00	61816	354833	1
2025.09.24	16:00:00	606640.00	606940.00	603360.00	603820.00	11831	68595	1
2025.09.25	08:00:00	604637.09	608894.52	592801.83	599809.28	91983	564448	1
2025.09.25	16:00:00	599870.39	601642.62	595572.21	597100.00	15941	98447	1
2025.09.26	08:00:00	594980.00	597940.00	589500.00	594340.00	59872	347620	1
2025.09.26	16:00:00	594260.00	594340.00	590480.00	594020.00	11661	68091	1
2025.09.29	08:00:00	607300.00	618660.00	604040.00	615760.00	77250	439661	1
2025.09.29	16:00:00	615680.00	619120.00	614900.00	618300.00	18965	126965	1
2025.09.30	08:00:00	612040.00	614620.00	608520.00	614280.00	67506	368143	1
2025.09.30	16:00:00	614300.00	624500.00	614160.00	624500.00	21707	126821	1
2025.10.01	08:00:00	629940.00	639900.00	626840.00	633800.00	81523	525522	1
2025.10.01	16:00:00	633820.00	636280.00	633300.00	635620.00	14530	91116	1
2025.10.02	08:00:00	638560.00	655340.00	638320.00	653880.00	96470	524700	1
2025.10.02	16:00:00	653840.00	656280.00	653000.00	653220.00	21677	149344	1
2025.10.03	08:00:00	651560.00	672380.00	650920.00	664080.00	148360	1005577	1
2025.10.03	16:00:00	664100.00	665960.00	661240.00	662660.00	19830	134582	1
2025.10.06	08:00:00	673580.00	680400.00	670680.00	679200.00	102956	603296	1
2025.10.06	16:00:00	679240.00	679700.00	670320.00	671500.00	21492	121787	1
2025.10.07	08:00:00	672260.00	677720.00	653560.00	655420.00	117962	744565	1
2025.10.07	16:00:00	655400.00	663200.00	655240.00	662460.00	21675	131832	1
2025.10.08	08:00:00	666000.00	672780.00	656360.00	668420.00	117164	665060	1
2025.10.08	16:00:00	668380.00	669000.00	663600.00	665500.00	22153	127463	1
2025.10.09	08:00:00	661820.00	667980.00	650140.00	655960.00	116786	692316	1
2025.10.09	16:00:00	656020.00	660420.00	655960.00	659940.00	16087	98235	1
2025.10.10	08:00:00	660520.00	675800.00	650460.00	650720.00	114631	732306	1
2025.10.10	16:00:00	650700.00	651180.00	568800.00	611000.00	37850	245055	1
2025.10.13	08:00:00	635400.00	638480.00	626420.00	633060.00	107168	629687	1
2025.10.13	16:00:00	633040.00	639900.00	632540.00	638280.00	26502	169628	1
2025.10.14	08:00:00	617220.00	625420.00	609880.00	622200.00	119116	686825	1
2025.10.14	16:00:00	622200.00	626320.00	618460.00	625920.00	24741	147703	1
2025.10.15	08:00:00	616960.00	617920.00	605660.00	612580.00	108946	644732	1
2025.10.15	16:00:00	612540.00	613580.00	605900.00	610300.00	20740	126710	1
2025.10.16	08:00:00	610780.00	614300.00	590300.00	595760.00	130391	798767	1
2025.10.16	16:00:00	595800.00	596520.00	588880.00	592820.00	25629	152807	1
2025.10.17	08:00:00	579500.00	585900.00	572220.00	579920.00	114988	712982	1
2025.10.17	16:00:00	580040.00	584900.00	577900.00	583820.00	16921	104712	1
2025.10.20	08:00:00	603000.00	604500.00	593940.00	599180.00	88369	491047	1
2025.10.20	16:00:00	599280.00	601720.00	597360.00	600840.00	18347	102408	1
2025.10.21	08:00:00	588460.00	616720.00	585460.00	606520.00	135218	871789	1
2025.10.21	16:00:00	606560.00	608180.00	595720.00	598980.00	24131	152821	1
2025.10.22	08:00:00	583580.00	591380.00	581680.00	586340.00	108004	680025	1
2025.10.22	16:00:00	586380.00	588380.00	578300.00	580500.00	18393	116965	1
2025.10.23	08:00:00	592460.00	602040.00	587760.00	597840.00	95294	551250	1
2025.10.23	16:00:00	597920.00	598440.00	591580.00	592560.00	14945	87316	1
2025.10.24	08:00:00	600620.00	605560.00	592760.00	598400.00	75172	396201	1
2025.10.24	16:00:00	598460.00	600600.00	597640.00	599060.00	13948	72831	1
2025.10.27	08:00:00	620760.00	623840.00	617520.00	621420.00	63051	293627	1
2025.10.27	16:00:00	621340.00	621560.00	614480.00	615920.00	15687	84554	1
2025.10.28	08:00:00	616460.00	625480.00	615200.00	617580.00	92678	452556	1
2025.10.28	16:00:00	617620.00	617880.00	558000.00	604700.00	37445	221736	1
2025.10.29	08:00:00	607720.00	608880.00	586860.00	594300.00	96840	563993	1
2025.10.29	16:00:00	594440.00	598760.00	591280.00	598360.00	25599	171989	1
2025.10.30	08:00:00	601696.94	601982.49	585889.65	586195.59	95308	538518	1
2025.10.30	16:00:00	586154.80	592722.48	582626.21	588480.00	25958	148656	1
2025.10.31	08:00:00	599200.00	606440.00	591120.00	595460.00	79549	467644	1
2025.10.31	16:00:00	595420.00	600180.00	593640.00	596200.00	16648	99466	1
2025.11.03	08:00:00	586620.00	589360.00	570320.00	579280.00	96625	491636	1
2025.11.03	16:00:00	579280.00	581980.00	575000.00	579020.00	23091	138363	1
2025.11.04	08:00:00	568980.00	570560.00	544580.00	552660.00	150052	800110	1
2025.11.04	16:00:00	552580.00	554500.00	542960.00	545600.00	42333	257675	1
2025.11.05	08:00:00	556160.00	565620.00	553560.00	564880.00	101000	492822	1
2025.11.05	16:00:00	564880.00	566340.00	560220.00	560980.00	19162	109907	1
2025.11.06	08:00:00	558460.00	558920.00	542540.00	549460.00	123659	654124	1
2025.11.06	16:00:00	549420.00	550980.00	542760.00	544920.00	24110	143715	1
2025.11.07	08:00:00	542200.00	553620.00	536220.00	552080.00	125618	600845	1
2025.11.07	16:00:00	552100.00	559220.00	551200.00	555640.00	23292	140958	1
2025.11.10	08:00:00	569500.00	571760.00	560900.00	563960.00	91761	449660	1
2025.11.10	16:00:00	564020.00	568360.00	562440.00	562600.00	24222	151233	1
2025.11.11	08:00:00	561740.00	562760.00	546820.00	549400.00	92212	446396	1
2025.11.11	16:00:00	549400.00	549680.00	544960.00	545600.00	21991	129886	1
2025.11.12	08:00:00	556640.00	559860.00	540020.00	541080.00	113552	616197	1
2025.11.12	16:00:00	541120.00	542980.00	537260.00	541700.00	22924	144545	1
2025.11.13	08:00:00	548580.00	550480.00	522340.00	524820.00	129568	702195	1
2025.11.13	16:00:00	524900.00	528520.00	520940.00	523500.00	36511	275056	1
2025.11.14	08:00:00	512580.00	517500.00	503480.00	506000.00	136343	714378	1
2025.11.14	16:00:00	505960.00	510500.00	501080.00	503800.00	30220	213006	1
2025.11.17	08:00:00	509020.00	512060.00	492900.00	493880.00	139555	735072	1
2025.11.17	16:00:00	493860.00	495000.00	488460.00	490020.00	37688	207879	1
2025.11.18	08:00:00	490300.00	501580.00	486000.00	498400.00	132762	637519	1
2025.11.18	16:00:00	498500.00	499700.00	495160.00	496560.00	18929	106655	1
2025.11.19	08:00:00	489000.00	493980.00	474860.00	477260.00	128894	729033	1
2025.11.19	16:00:00	477340.00	485300.00	474200.00	480760.00	27870	181799	1
2025.11.21	08:00:00	444000.00	463260.00	435420.00	458380.00	158726	872290	1
2025.11.21	16:00:00	458300.00	462300.00	452400.00	460300.00	27368	190273	1
2025.11.24	08:00:00	466780.00	479640.00	460820.00	479220.00	117899	610897	1
2025.11.24	16:00:00	479140.00	481980.00	476640.00	480500.00	34669	217257	1
2025.11.25	08:00:00	472200.00	475320.00	465860.00	469740.00	110535	588311	1
2025.11.25	16:00:00	469720.00	471800.00	463880.00	470700.00	36923	269666	1
2025.11.26	08:00:00	468760.00	483480.00	464760.00	481780.00	115670	626904	1
2025.11.26	16:00:00	481760.00	482360.00	477880.00	481820.00	22406	145598	1
2025.11.27	08:00:00	494135.14	499031.37	489967.27	497716.27	88443	443597	1
2025.11.27	16:00:00	497716.27	499031.37	489360.30	496300.00	14704	74127	1
2025.11.28	08:00:00	498300.00	502640.00	487320.00	490860.00	109015	558744	1
2025.11.28	16:00:00	490920.00	493540.00	490240.00	491680.00	12233	96463	1
2025.12.01	08:00:00	465000.00	468240.00	453260.00	461160.00	127173	668704	1
2025.12.01	16:00:00	461080.00	467160.00	458260.00	466100.00	29378	176011	1
2025.12.02	08:00:00	473060.00	497360.00	471360.00	495840.00	114332	656641	1
2025.12.02	16:00:00	495780.00	497440.00	488760.00	492100.00	28147	199945	1
2025.12.03	08:00:00	499860.00	501880.00	491360.00	496520.00	124591	665437	1
2025.12.03	16:00:00	496460.00	500720.00	495860.00	500440.00	19233	125637	1
2025.12.04	08:00:00	497980.00	499420.00	490180.00	493980.00	101412	536986	1
2025.12.04	16:00:00	494000.00	497060.00	487200.00	494440.00	27728	184484	1
2025.12.05	08:00:00	489420.00	493300.00	480840.00	491760.00	123339	696501	1
2025.12.05	16:00:00	491700.00	493180.00	489900.00	490460.00	19056	156899	1
2025.12.08	08:00:00	503000.00	504580.00	489980.00	491120.00	93343	473883	1
2025.12.08	16:00:00	491060.00	498560.00	490680.00	498360.00	16592	105259	1
2025.12.09	08:00:00	496140.00	518320.00	493960.00	514660.00	110514	568767	1
2025.12.09	16:00:00	514640.00	516040.00	508060.00	510160.00	21195	117096	1
2025.12.10	08:00:00	504600.00	513460.00	502040.00	510480.00	74008	371223	1
2025.12.10	16:00:00	510400.00	519640.00	506160.00	508680.00	44623	264516	1
2025.12.11	08:00:00	497160.00	497160.00	485740.00	492880.00	77876	433383	1
2025.12.11	16:00:00	492860.00	508540.00	492460.00	508540.00	24199	149639	1
2025.12.12	08:00:00	506120.00	506120.00	487180.00	491320.00	77681	455111	1
2025.12.12	16:00:00	491400.00	492860.00	489540.00	491620.00	13414	91137	1
2025.12.15	08:00:00	486480.00	487940.00	463940.00	469440.00	98607	524920	1
2025.12.15	16:00:00	469320.00	471540.00	465320.00	467560.00	24796	156276	1
2025.12.16	08:00:00	474020.00	483900.00	470540.00	481760.00	88335	442392	1
2025.12.16	16:00:00	481660.00	486820.00	478820.00	484820.00	13667	95329	1
2025.12.17	08:00:00	481940.00	499080.00	474320.00	475120.00	115837	645690	1
2025.12.17	16:00:00	475180.00	477360.00	472040.00	474740.00	21837	150056	1
2025.12.18	08:00:00	482200.00	495980.00	473320.00	475560.00	102835	549861	1
2025.12.18	16:00:00	475580.00	475840.00	467300.00	472360.00	26787	178241	1
2025.12.19	08:00:00	488000.00	493120.00	480620.00	482620.00	78469	352155	1
2025.12.19	16:00:00	482540.00	489880.00	482480.00	486740.00	18994	103613	1
2025.12.22	08:00:00	499060.00	503540.00	495280.00	498040.00	74582	416236	1
2025.12.22	16:00:00	498040.00	498160.00	491280.00	494740.00	23862	145877	1
2025.12.23	08:00:00	496670.55	499002.24	488114.26	494278.03	63849	311072	1
2025.12.23	16:00:00	494278.03	495149.88	490810.91	491480.00	10324	39789	1
2025.12.26	08:00:00	496620.00	501700.00	484240.00	490020.00	47895	257855	1
2025.12.26	16:00:00	489980.00	493000.00	489820.00	491360.00	8640	52136	1
2025.12.29	08:00:00	491000.00	497440.00	488300.00	493680.00	54222	263820	1
2025.12.29	16:00:00	493620.00	495000.00	490720.00	492220.00	12307	78464	1
2025.12.30	08:00:00	494200.00	497620.00	488800.00	490900.00	61468	315160	1
2025.12.30	16:00:00	490980.00	491320.00	486780.00	488280.00	11328	66015	1
2026.01.02	08:00:00	496920.00	499500.00	485820.00	492940.00	70720	407595	1
2026.01.02	16:00:00	493020.00	494820.00	492040.00	493020.00	11188	76928	1
2026.01.05	08:00:00	510260.00	516560.00	507320.00	516180.00	68970	361208	1
2026.01.05	16:00:00	516200.00	518560.00	513620.00	513680.00	16511	106743	1
2026.01.06	08:00:00	513680.00	514540.00	494700.00	499140.00	89689	515212	1
2026.01.06	16:00:00	499120.00	509700.00	498340.00	507260.00	15272	99028	1
2026.01.07	08:00:00	498000.00	501200.00	492620.00	493920.00	69807	366382	1
2026.01.07	16:00:00	493860.00	496180.00	492920.00	495440.00	16798	114480	1
2026.01.08	08:00:00	490000.00	497100.00	484960.00	495760.00	74166	407163	1
2026.01.08	16:00:00	495760.00	496960.00	492140.00	494800.00	15299	105841	1
2026.01.09	08:00:00	491720.00	497240.00	485600.00	490660.00	77189	422982	1
2026.01.09	16:00:00	490660.00	490860.00	486880.00	489460.00	15610	103204	1
